{"name":"Acme-Madruga","classpathEntries":[{"kind":"binary","path":"C:\\Program Files\\Java\\jdk1.8.0_161\\jre\\lib\\resources.jar","javadocContainerUrl":"https://docs.oracle.com/javase/1/docs/api/","isSystem":true},{"kind":"binary","path":"C:\\Program Files\\Java\\jdk1.8.0_161\\jre\\lib\\rt.jar","javadocContainerUrl":"https://docs.oracle.com/javase/1/docs/api/","isSystem":true},{"kind":"binary","path":"C:\\Program Files\\Java\\jdk1.8.0_161\\jre\\lib\\jsse.jar","javadocContainerUrl":"https://docs.oracle.com/javase/1/docs/api/","isSystem":true},{"kind":"binary","path":"C:\\Program Files\\Java\\jdk1.8.0_161\\jre\\lib\\jce.jar","javadocContainerUrl":"https://docs.oracle.com/javase/1/docs/api/","isSystem":true},{"kind":"binary","path":"C:\\Program Files\\Java\\jdk1.8.0_161\\jre\\lib\\charsets.jar","javadocContainerUrl":"https://docs.oracle.com/javase/1/docs/api/","isSystem":true},{"kind":"binary","path":"C:\\Program Files\\Java\\jdk1.8.0_161\\jre\\lib\\jfr.jar","javadocContainerUrl":"https://docs.oracle.com/javase/1/docs/api/","isSystem":true},{"kind":"binary","path":"C:\\Users\\stb_1\\.m2\\repository\\org\\springframework\\spring-context\\4.0.0.RELEASE\\spring-context-4.0.0.RELEASE.jar","sourceContainerUrl":"file:/C:/Users/stb_1/.m2/repository/org/springframework/spring-context/4.0.0.RELEASE/spring-context-4.0.0.RELEASE-sources.jar","javadocContainerUrl":"file:/C:/Users/stb_1/.m2/repository/org/springframework/spring-context/4.0.0.RELEASE/spring-context-4.0.0.RELEASE-javadoc.jar","isSystem":false},{"kind":"binary","path":"C:\\Users\\stb_1\\.m2\\repository\\org\\springframework\\spring-aop\\4.0.0.RELEASE\\spring-aop-4.0.0.RELEASE.jar","sourceContainerUrl":"file:/C:/Users/stb_1/.m2/repository/org/springframework/spring-aop/4.0.0.RELEASE/spring-aop-4.0.0.RELEASE-sources.jar","javadocContainerUrl":"file:/C:/Users/stb_1/.m2/repository/org/springframework/spring-aop/4.0.0.RELEASE/spring-aop-4.0.0.RELEASE-javadoc.jar","isSystem":false},{"kind":"binary","path":"C:\\Users\\stb_1\\.m2\\repository\\org\\springframework\\spring-beans\\4.0.0.RELEASE\\spring-beans-4.0.0.RELEASE.jar","sourceContainerUrl":"file:/C:/Users/stb_1/.m2/repository/org/springframework/spring-beans/4.0.0.RELEASE/spring-beans-4.0.0.RELEASE-sources.jar","javadocContainerUrl":"file:/C:/Users/stb_1/.m2/repository/org/springframework/spring-beans/4.0.0.RELEASE/spring-beans-4.0.0.RELEASE-javadoc.jar","isSystem":false},{"kind":"binary","path":"C:\\Users\\stb_1\\.m2\\repository\\org\\springframework\\spring-core\\4.0.0.RELEASE\\spring-core-4.0.0.RELEASE.jar","sourceContainerUrl":"file:/C:/Users/stb_1/.m2/repository/org/springframework/spring-core/4.0.0.RELEASE/spring-core-4.0.0.RELEASE-sources.jar","javadocContainerUrl":"file:/C:/Users/stb_1/.m2/repository/org/springframework/spring-core/4.0.0.RELEASE/spring-core-4.0.0.RELEASE-javadoc.jar","isSystem":false},{"kind":"binary","path":"C:\\Users\\stb_1\\.m2\\repository\\commons-logging\\commons-logging\\1.1.1\\commons-logging-1.1.1.jar","sourceContainerUrl":"file:/C:/Users/stb_1/.m2/repository/commons-logging/commons-logging/1.1.1/commons-logging-1.1.1-sources.jar","javadocContainerUrl":"file:/C:/Users/stb_1/.m2/repository/commons-logging/commons-logging/1.1.1/commons-logging-1.1.1-javadoc.jar","isSystem":false},{"kind":"binary","path":"C:\\Users\\stb_1\\.m2\\repository\\org\\springframework\\spring-expression\\4.0.0.RELEASE\\spring-expression-4.0.0.RELEASE.jar","sourceContainerUrl":"file:/C:/Users/stb_1/.m2/repository/org/springframework/spring-expression/4.0.0.RELEASE/spring-expression-4.0.0.RELEASE-sources.jar","javadocContainerUrl":"file:/C:/Users/stb_1/.m2/repository/org/springframework/spring-expression/4.0.0.RELEASE/spring-expression-4.0.0.RELEASE-javadoc.jar","isSystem":false},{"kind":"binary","path":"C:\\Users\\stb_1\\.m2\\repository\\org\\springframework\\spring-webmvc\\4.0.0.RELEASE\\spring-webmvc-4.0.0.RELEASE.jar","sourceContainerUrl":"file:/C:/Users/stb_1/.m2/repository/org/springframework/spring-webmvc/4.0.0.RELEASE/spring-webmvc-4.0.0.RELEASE-sources.jar","javadocContainerUrl":"file:/C:/Users/stb_1/.m2/repository/org/springframework/spring-webmvc/4.0.0.RELEASE/spring-webmvc-4.0.0.RELEASE-javadoc.jar","isSystem":false},{"kind":"binary","path":"C:\\Users\\stb_1\\.m2\\repository\\org\\springframework\\spring-web\\4.0.0.RELEASE\\spring-web-4.0.0.RELEASE.jar","sourceContainerUrl":"file:/C:/Users/stb_1/.m2/repository/org/springframework/spring-web/4.0.0.RELEASE/spring-web-4.0.0.RELEASE-sources.jar","javadocContainerUrl":"file:/C:/Users/stb_1/.m2/repository/org/springframework/spring-web/4.0.0.RELEASE/spring-web-4.0.0.RELEASE-javadoc.jar","isSystem":false},{"kind":"binary","path":"C:\\Users\\stb_1\\.m2\\repository\\org\\springframework\\spring-orm\\4.0.0.RELEASE\\spring-orm-4.0.0.RELEASE.jar","sourceContainerUrl":"file:/C:/Users/stb_1/.m2/repository/org/springframework/spring-orm/4.0.0.RELEASE/spring-orm-4.0.0.RELEASE-sources.jar","javadocContainerUrl":"file:/C:/Users/stb_1/.m2/repository/org/springframework/spring-orm/4.0.0.RELEASE/spring-orm-4.0.0.RELEASE-javadoc.jar","isSystem":false},{"kind":"binary","path":"C:\\Users\\stb_1\\.m2\\repository\\aopalliance\\aopalliance\\1.0\\aopalliance-1.0.jar","sourceContainerUrl":"file:/C:/Users/stb_1/.m2/repository/aopalliance/aopalliance/1.0/aopalliance-1.0-sources.jar","isSystem":false},{"kind":"binary","path":"C:\\Users\\stb_1\\.m2\\repository\\org\\springframework\\spring-jdbc\\4.0.0.RELEASE\\spring-jdbc-4.0.0.RELEASE.jar","sourceContainerUrl":"file:/C:/Users/stb_1/.m2/repository/org/springframework/spring-jdbc/4.0.0.RELEASE/spring-jdbc-4.0.0.RELEASE-sources.jar","javadocContainerUrl":"file:/C:/Users/stb_1/.m2/repository/org/springframework/spring-jdbc/4.0.0.RELEASE/spring-jdbc-4.0.0.RELEASE-javadoc.jar","isSystem":false},{"kind":"binary","path":"C:\\Users\\stb_1\\.m2\\repository\\org\\springframework\\spring-tx\\4.0.0.RELEASE\\spring-tx-4.0.0.RELEASE.jar","sourceContainerUrl":"file:/C:/Users/stb_1/.m2/repository/org/springframework/spring-tx/4.0.0.RELEASE/spring-tx-4.0.0.RELEASE-sources.jar","javadocContainerUrl":"file:/C:/Users/stb_1/.m2/repository/org/springframework/spring-tx/4.0.0.RELEASE/spring-tx-4.0.0.RELEASE-javadoc.jar","isSystem":false},{"kind":"binary","path":"C:\\Users\\stb_1\\.m2\\repository\\org\\springframework\\spring-aspects\\4.0.0.RELEASE\\spring-aspects-4.0.0.RELEASE.jar","sourceContainerUrl":"file:/C:/Users/stb_1/.m2/repository/org/springframework/spring-aspects/4.0.0.RELEASE/spring-aspects-4.0.0.RELEASE-sources.jar","javadocContainerUrl":"file:/C:/Users/stb_1/.m2/repository/org/springframework/spring-aspects/4.0.0.RELEASE/spring-aspects-4.0.0.RELEASE-javadoc.jar","isSystem":false},{"kind":"binary","path":"C:\\Users\\stb_1\\.m2\\repository\\org\\springframework\\spring-context-support\\4.0.0.RELEASE\\spring-context-support-4.0.0.RELEASE.jar","sourceContainerUrl":"file:/C:/Users/stb_1/.m2/repository/org/springframework/spring-context-support/4.0.0.RELEASE/spring-context-support-4.0.0.RELEASE-sources.jar","javadocContainerUrl":"file:/C:/Users/stb_1/.m2/repository/org/springframework/spring-context-support/4.0.0.RELEASE/spring-context-support-4.0.0.RELEASE-javadoc.jar","isSystem":false},{"kind":"binary","path":"C:\\Users\\stb_1\\.m2\\repository\\org\\springframework\\data\\spring-data-jpa\\1.4.3.RELEASE\\spring-data-jpa-1.4.3.RELEASE.jar","sourceContainerUrl":"file:/C:/Users/stb_1/.m2/repository/org/springframework/data/spring-data-jpa/1.4.3.RELEASE/spring-data-jpa-1.4.3.RELEASE-sources.jar","javadocContainerUrl":"file:/C:/Users/stb_1/.m2/repository/org/springframework/data/spring-data-jpa/1.4.3.RELEASE/spring-data-jpa-1.4.3.RELEASE-javadoc.jar","isSystem":false},{"kind":"binary","path":"C:\\Users\\stb_1\\.m2\\repository\\org\\springframework\\data\\spring-data-commons\\1.6.3.RELEASE\\spring-data-commons-1.6.3.RELEASE.jar","sourceContainerUrl":"file:/C:/Users/stb_1/.m2/repository/org/springframework/data/spring-data-commons/1.6.3.RELEASE/spring-data-commons-1.6.3.RELEASE-sources.jar","javadocContainerUrl":"file:/C:/Users/stb_1/.m2/repository/org/springframework/data/spring-data-commons/1.6.3.RELEASE/spring-data-commons-1.6.3.RELEASE-javadoc.jar","isSystem":false},{"kind":"binary","path":"C:\\Users\\stb_1\\.m2\\repository\\org\\aspectj\\aspectjrt\\1.7.2\\aspectjrt-1.7.2.jar","sourceContainerUrl":"file:/C:/Users/stb_1/.m2/repository/org/aspectj/aspectjrt/1.7.2/aspectjrt-1.7.2-sources.jar","javadocContainerUrl":"file:/C:/Users/stb_1/.m2/repository/org/aspectj/aspectjrt/1.7.2/aspectjrt-1.7.2-javadoc.jar","isSystem":false},{"kind":"binary","path":"C:\\Users\\stb_1\\.m2\\repository\\org\\slf4j\\slf4j-api\\1.7.1\\slf4j-api-1.7.1.jar","sourceContainerUrl":"file:/C:/Users/stb_1/.m2/repository/org/slf4j/slf4j-api/1.7.1/slf4j-api-1.7.1-sources.jar","javadocContainerUrl":"file:/C:/Users/stb_1/.m2/repository/org/slf4j/slf4j-api/1.7.1/slf4j-api-1.7.1-javadoc.jar","isSystem":false},{"kind":"binary","path":"C:\\Users\\stb_1\\.m2\\repository\\org\\slf4j\\jcl-over-slf4j\\1.7.1\\jcl-over-slf4j-1.7.1.jar","sourceContainerUrl":"file:/C:/Users/stb_1/.m2/repository/org/slf4j/jcl-over-slf4j/1.7.1/jcl-over-slf4j-1.7.1-sources.jar","javadocContainerUrl":"file:/C:/Users/stb_1/.m2/repository/org/slf4j/jcl-over-slf4j/1.7.1/jcl-over-slf4j-1.7.1-javadoc.jar","isSystem":false},{"kind":"binary","path":"C:\\Users\\stb_1\\.m2\\repository\\org\\springframework\\security\\spring-security-web\\3.2.0.RELEASE\\spring-security-web-3.2.0.RELEASE.jar","sourceContainerUrl":"file:/C:/Users/stb_1/.m2/repository/org/springframework/security/spring-security-web/3.2.0.RELEASE/spring-security-web-3.2.0.RELEASE-sources.jar","javadocContainerUrl":"file:/C:/Users/stb_1/.m2/repository/org/springframework/security/spring-security-web/3.2.0.RELEASE/spring-security-web-3.2.0.RELEASE-javadoc.jar","isSystem":false},{"kind":"binary","path":"C:\\Users\\stb_1\\.m2\\repository\\org\\springframework\\security\\spring-security-core\\3.2.0.RELEASE\\spring-security-core-3.2.0.RELEASE.jar","sourceContainerUrl":"file:/C:/Users/stb_1/.m2/repository/org/springframework/security/spring-security-core/3.2.0.RELEASE/spring-security-core-3.2.0.RELEASE-sources.jar","javadocContainerUrl":"file:/C:/Users/stb_1/.m2/repository/org/springframework/security/spring-security-core/3.2.0.RELEASE/spring-security-core-3.2.0.RELEASE-javadoc.jar","isSystem":false},{"kind":"binary","path":"C:\\Users\\stb_1\\.m2\\repository\\org\\springframework\\security\\spring-security-config\\3.2.0.RELEASE\\spring-security-config-3.2.0.RELEASE.jar","sourceContainerUrl":"file:/C:/Users/stb_1/.m2/repository/org/springframework/security/spring-security-config/3.2.0.RELEASE/spring-security-config-3.2.0.RELEASE-sources.jar","javadocContainerUrl":"file:/C:/Users/stb_1/.m2/repository/org/springframework/security/spring-security-config/3.2.0.RELEASE/spring-security-config-3.2.0.RELEASE-javadoc.jar","isSystem":false},{"kind":"binary","path":"C:\\Users\\stb_1\\.m2\\repository\\org\\springframework\\security\\spring-security-taglibs\\3.2.0.RELEASE\\spring-security-taglibs-3.2.0.RELEASE.jar","sourceContainerUrl":"file:/C:/Users/stb_1/.m2/repository/org/springframework/security/spring-security-taglibs/3.2.0.RELEASE/spring-security-taglibs-3.2.0.RELEASE-sources.jar","javadocContainerUrl":"file:/C:/Users/stb_1/.m2/repository/org/springframework/security/spring-security-taglibs/3.2.0.RELEASE/spring-security-taglibs-3.2.0.RELEASE-javadoc.jar","isSystem":false},{"kind":"binary","path":"C:\\Users\\stb_1\\.m2\\repository\\org\\springframework\\security\\spring-security-acl\\3.2.0.RELEASE\\spring-security-acl-3.2.0.RELEASE.jar","sourceContainerUrl":"file:/C:/Users/stb_1/.m2/repository/org/springframework/security/spring-security-acl/3.2.0.RELEASE/spring-security-acl-3.2.0.RELEASE-sources.jar","javadocContainerUrl":"file:/C:/Users/stb_1/.m2/repository/org/springframework/security/spring-security-acl/3.2.0.RELEASE/spring-security-acl-3.2.0.RELEASE-javadoc.jar","isSystem":false},{"kind":"binary","path":"C:\\Users\\stb_1\\.m2\\repository\\org\\springframework\\spring-test\\3.2.4.RELEASE\\spring-test-3.2.4.RELEASE.jar","sourceContainerUrl":"file:/C:/Users/stb_1/.m2/repository/org/springframework/spring-test/3.2.4.RELEASE/spring-test-3.2.4.RELEASE-sources.jar","javadocContainerUrl":"file:/C:/Users/stb_1/.m2/repository/org/springframework/spring-test/3.2.4.RELEASE/spring-test-3.2.4.RELEASE-javadoc.jar","isSystem":false},{"kind":"binary","path":"C:\\Users\\stb_1\\.m2\\repository\\org\\apache\\tiles\\tiles-core\\2.2.2\\tiles-core-2.2.2.jar","sourceContainerUrl":"file:/C:/Users/stb_1/.m2/repository/org/apache/tiles/tiles-core/2.2.2/tiles-core-2.2.2-sources.jar","javadocContainerUrl":"file:/C:/Users/stb_1/.m2/repository/org/apache/tiles/tiles-core/2.2.2/tiles-core-2.2.2-javadoc.jar","isSystem":false},{"kind":"binary","path":"C:\\Users\\stb_1\\.m2\\repository\\org\\apache\\tiles\\tiles-api\\2.2.2\\tiles-api-2.2.2.jar","sourceContainerUrl":"file:/C:/Users/stb_1/.m2/repository/org/apache/tiles/tiles-api/2.2.2/tiles-api-2.2.2-sources.jar","javadocContainerUrl":"file:/C:/Users/stb_1/.m2/repository/org/apache/tiles/tiles-api/2.2.2/tiles-api-2.2.2-javadoc.jar","isSystem":false},{"kind":"binary","path":"C:\\Users\\stb_1\\.m2\\repository\\commons-digester\\commons-digester\\2.0\\commons-digester-2.0.jar","sourceContainerUrl":"file:/C:/Users/stb_1/.m2/repository/commons-digester/commons-digester/2.0/commons-digester-2.0-sources.jar","javadocContainerUrl":"file:/C:/Users/stb_1/.m2/repository/commons-digester/commons-digester/2.0/commons-digester-2.0-javadoc.jar","isSystem":false},{"kind":"binary","path":"C:\\Users\\stb_1\\.m2\\repository\\org\\apache\\tiles\\tiles-servlet\\2.2.2\\tiles-servlet-2.2.2.jar","sourceContainerUrl":"file:/C:/Users/stb_1/.m2/repository/org/apache/tiles/tiles-servlet/2.2.2/tiles-servlet-2.2.2-sources.jar","javadocContainerUrl":"file:/C:/Users/stb_1/.m2/repository/org/apache/tiles/tiles-servlet/2.2.2/tiles-servlet-2.2.2-javadoc.jar","isSystem":false},{"kind":"binary","path":"C:\\Users\\stb_1\\.m2\\repository\\org\\apache\\tiles\\tiles-jsp\\2.2.2\\tiles-jsp-2.2.2.jar","sourceContainerUrl":"file:/C:/Users/stb_1/.m2/repository/org/apache/tiles/tiles-jsp/2.2.2/tiles-jsp-2.2.2-sources.jar","javadocContainerUrl":"file:/C:/Users/stb_1/.m2/repository/org/apache/tiles/tiles-jsp/2.2.2/tiles-jsp-2.2.2-javadoc.jar","isSystem":false},{"kind":"binary","path":"C:\\Users\\stb_1\\.m2\\repository\\org\\apache\\tiles\\tiles-template\\2.2.2\\tiles-template-2.2.2.jar","sourceContainerUrl":"file:/C:/Users/stb_1/.m2/repository/org/apache/tiles/tiles-template/2.2.2/tiles-template-2.2.2-sources.jar","javadocContainerUrl":"file:/C:/Users/stb_1/.m2/repository/org/apache/tiles/tiles-template/2.2.2/tiles-template-2.2.2-javadoc.jar","isSystem":false},{"kind":"binary","path":"C:\\Users\\stb_1\\.m2\\repository\\mysql\\mysql-connector-java\\5.1.45\\mysql-connector-java-5.1.45.jar","sourceContainerUrl":"file:/C:/Users/stb_1/.m2/repository/mysql/mysql-connector-java/5.1.45/mysql-connector-java-5.1.45-sources.jar","isSystem":false},{"kind":"binary","path":"C:\\Users\\stb_1\\.m2\\repository\\org\\hibernate\\hibernate-entitymanager\\4.3.0.Final\\hibernate-entitymanager-4.3.0.Final.jar","sourceContainerUrl":"file:/C:/Users/stb_1/.m2/repository/org/hibernate/hibernate-entitymanager/4.3.0.Final/hibernate-entitymanager-4.3.0.Final-sources.jar","isSystem":false},{"kind":"binary","path":"C:\\Users\\stb_1\\.m2\\repository\\org\\jboss\\logging\\jboss-logging\\3.1.3.GA\\jboss-logging-3.1.3.GA.jar","sourceContainerUrl":"file:/C:/Users/stb_1/.m2/repository/org/jboss/logging/jboss-logging/3.1.3.GA/jboss-logging-3.1.3.GA-sources.jar","javadocContainerUrl":"file:/C:/Users/stb_1/.m2/repository/org/jboss/logging/jboss-logging/3.1.3.GA/jboss-logging-3.1.3.GA-javadoc.jar","isSystem":false},{"kind":"binary","path":"C:\\Users\\stb_1\\.m2\\repository\\org\\jboss\\logging\\jboss-logging-annotations\\1.2.0.Beta1\\jboss-logging-annotations-1.2.0.Beta1.jar","sourceContainerUrl":"file:/C:/Users/stb_1/.m2/repository/org/jboss/logging/jboss-logging-annotations/1.2.0.Beta1/jboss-logging-annotations-1.2.0.Beta1-sources.jar","javadocContainerUrl":"file:/C:/Users/stb_1/.m2/repository/org/jboss/logging/jboss-logging-annotations/1.2.0.Beta1/jboss-logging-annotations-1.2.0.Beta1-javadoc.jar","isSystem":false},{"kind":"binary","path":"C:\\Users\\stb_1\\.m2\\repository\\org\\hibernate\\hibernate-core\\4.3.0.Final\\hibernate-core-4.3.0.Final.jar","sourceContainerUrl":"file:/C:/Users/stb_1/.m2/repository/org/hibernate/hibernate-core/4.3.0.Final/hibernate-core-4.3.0.Final-sources.jar","isSystem":false},{"kind":"binary","path":"C:\\Users\\stb_1\\.m2\\repository\\antlr\\antlr\\2.7.7\\antlr-2.7.7.jar","isSystem":false},{"kind":"binary","path":"C:\\Users\\stb_1\\.m2\\repository\\org\\jboss\\jandex\\1.1.0.Final\\jandex-1.1.0.Final.jar","sourceContainerUrl":"file:/C:/Users/stb_1/.m2/repository/org/jboss/jandex/1.1.0.Final/jandex-1.1.0.Final-sources.jar","isSystem":false},{"kind":"binary","path":"C:\\Users\\stb_1\\.m2\\repository\\dom4j\\dom4j\\1.6.1\\dom4j-1.6.1.jar","sourceContainerUrl":"file:/C:/Users/stb_1/.m2/repository/dom4j/dom4j/1.6.1/dom4j-1.6.1-sources.jar","isSystem":false},{"kind":"binary","path":"C:\\Users\\stb_1\\.m2\\repository\\xml-apis\\xml-apis\\1.0.b2\\xml-apis-1.0.b2.jar","sourceContainerUrl":"file:/C:/Users/stb_1/.m2/repository/xml-apis/xml-apis/1.0.b2/xml-apis-1.0.b2-sources.jar","isSystem":false},{"kind":"binary","path":"C:\\Users\\stb_1\\.m2\\repository\\org\\hibernate\\common\\hibernate-commons-annotations\\4.0.4.Final\\hibernate-commons-annotations-4.0.4.Final.jar","sourceContainerUrl":"file:/C:/Users/stb_1/.m2/repository/org/hibernate/common/hibernate-commons-annotations/4.0.4.Final/hibernate-commons-annotations-4.0.4.Final-sources.jar","isSystem":false},{"kind":"binary","path":"C:\\Users\\stb_1\\.m2\\repository\\org\\hibernate\\javax\\persistence\\hibernate-jpa-2.1-api\\1.0.0.Final\\hibernate-jpa-2.1-api-1.0.0.Final.jar","sourceContainerUrl":"file:/C:/Users/stb_1/.m2/repository/org/hibernate/javax/persistence/hibernate-jpa-2.1-api/1.0.0.Final/hibernate-jpa-2.1-api-1.0.0.Final-sources.jar","javadocContainerUrl":"file:/C:/Users/stb_1/.m2/repository/org/hibernate/javax/persistence/hibernate-jpa-2.1-api/1.0.0.Final/hibernate-jpa-2.1-api-1.0.0.Final-javadoc.jar","isSystem":false},{"kind":"binary","path":"C:\\Users\\stb_1\\.m2\\repository\\org\\jboss\\spec\\javax\\transaction\\jboss-transaction-api_1.2_spec\\1.0.0.Final\\jboss-transaction-api_1.2_spec-1.0.0.Final.jar","sourceContainerUrl":"file:/C:/Users/stb_1/.m2/repository/org/jboss/spec/javax/transaction/jboss-transaction-api_1.2_spec/1.0.0.Final/jboss-transaction-api_1.2_spec-1.0.0.Final-sources.jar","javadocContainerUrl":"file:/C:/Users/stb_1/.m2/repository/org/jboss/spec/javax/transaction/jboss-transaction-api_1.2_spec/1.0.0.Final/jboss-transaction-api_1.2_spec-1.0.0.Final-javadoc.jar","isSystem":false},{"kind":"binary","path":"C:\\Users\\stb_1\\.m2\\repository\\org\\javassist\\javassist\\3.18.1-GA\\javassist-3.18.1-GA.jar","sourceContainerUrl":"file:/C:/Users/stb_1/.m2/repository/org/javassist/javassist/3.18.1-GA/javassist-3.18.1-GA-sources.jar","javadocContainerUrl":"file:/C:/Users/stb_1/.m2/repository/org/javassist/javassist/3.18.1-GA/javassist-3.18.1-GA-javadoc.jar","isSystem":false},{"kind":"binary","path":"C:\\Users\\stb_1\\.m2\\repository\\org\\hibernate\\hibernate-validator\\4.3.1.Final\\hibernate-validator-4.3.1.Final.jar","sourceContainerUrl":"file:/C:/Users/stb_1/.m2/repository/org/hibernate/hibernate-validator/4.3.1.Final/hibernate-validator-4.3.1.Final-sources.jar","javadocContainerUrl":"file:/C:/Users/stb_1/.m2/repository/org/hibernate/hibernate-validator/4.3.1.Final/hibernate-validator-4.3.1.Final-javadoc.jar","isSystem":false},{"kind":"binary","path":"C:\\Users\\stb_1\\.m2\\repository\\javax\\validation\\validation-api\\1.0.0.GA\\validation-api-1.0.0.GA.jar","sourceContainerUrl":"file:/C:/Users/stb_1/.m2/repository/javax/validation/validation-api/1.0.0.GA/validation-api-1.0.0.GA-sources.jar","javadocContainerUrl":"file:/C:/Users/stb_1/.m2/repository/javax/validation/validation-api/1.0.0.GA/validation-api-1.0.0.GA-javadoc.jar","isSystem":false},{"kind":"binary","path":"C:\\Users\\stb_1\\.m2\\repository\\org\\hibernate\\hibernate-c3p0\\4.2.3.Final\\hibernate-c3p0-4.2.3.Final.jar","sourceContainerUrl":"file:/C:/Users/stb_1/.m2/repository/org/hibernate/hibernate-c3p0/4.2.3.Final/hibernate-c3p0-4.2.3.Final-sources.jar","isSystem":false},{"kind":"binary","path":"C:\\Users\\stb_1\\.m2\\repository\\com\\mchange\\c3p0\\0.9.2.1\\c3p0-0.9.2.1.jar","sourceContainerUrl":"file:/C:/Users/stb_1/.m2/repository/com/mchange/c3p0/0.9.2.1/c3p0-0.9.2.1-sources.jar","javadocContainerUrl":"file:/C:/Users/stb_1/.m2/repository/com/mchange/c3p0/0.9.2.1/c3p0-0.9.2.1-javadoc.jar","isSystem":false},{"kind":"binary","path":"C:\\Users\\stb_1\\.m2\\repository\\com\\mchange\\mchange-commons-java\\0.2.3.4\\mchange-commons-java-0.2.3.4.jar","sourceContainerUrl":"file:/C:/Users/stb_1/.m2/repository/com/mchange/mchange-commons-java/0.2.3.4/mchange-commons-java-0.2.3.4-sources.jar","javadocContainerUrl":"file:/C:/Users/stb_1/.m2/repository/com/mchange/mchange-commons-java/0.2.3.4/mchange-commons-java-0.2.3.4-javadoc.jar","isSystem":false},{"kind":"binary","path":"C:\\Users\\stb_1\\.m2\\repository\\javax\\servlet\\servlet-api\\2.5\\servlet-api-2.5.jar","sourceContainerUrl":"file:/C:/Users/stb_1/.m2/repository/javax/servlet/servlet-api/2.5/servlet-api-2.5-sources.jar","isSystem":false},{"kind":"binary","path":"C:\\Users\\stb_1\\.m2\\repository\\javax\\servlet\\jsp\\jsp-api\\2.0\\jsp-api-2.0.jar","sourceContainerUrl":"file:/C:/Users/stb_1/.m2/repository/javax/servlet/jsp/jsp-api/2.0/jsp-api-2.0-sources.jar","isSystem":false},{"kind":"binary","path":"C:\\Users\\stb_1\\.m2\\repository\\javax\\servlet\\jstl\\1.2\\jstl-1.2.jar","sourceContainerUrl":"file:/C:/Users/stb_1/.m2/repository/javax/servlet/jstl/1.2/jstl-1.2-sources.jar","isSystem":false},{"kind":"binary","path":"C:\\Users\\stb_1\\.m2\\repository\\displaytag\\displaytag\\1.2\\displaytag-1.2.jar","sourceContainerUrl":"file:/C:/Users/stb_1/.m2/repository/displaytag/displaytag/1.2/displaytag-1.2-sources.jar","isSystem":false},{"kind":"binary","path":"C:\\Users\\stb_1\\.m2\\repository\\commons-collections\\commons-collections\\3.1\\commons-collections-3.1.jar","sourceContainerUrl":"file:/C:/Users/stb_1/.m2/repository/commons-collections/commons-collections/3.1/commons-collections-3.1-sources.jar","javadocContainerUrl":"file:/C:/Users/stb_1/.m2/repository/commons-collections/commons-collections/3.1/commons-collections-3.1-javadoc.jar","isSystem":false},{"kind":"binary","path":"C:\\Users\\stb_1\\.m2\\repository\\commons-lang\\commons-lang\\2.3\\commons-lang-2.3.jar","sourceContainerUrl":"file:/C:/Users/stb_1/.m2/repository/commons-lang/commons-lang/2.3/commons-lang-2.3-sources.jar","isSystem":false},{"kind":"binary","path":"C:\\Users\\stb_1\\.m2\\repository\\com\\lowagie\\itext\\1.3\\itext-1.3.jar","sourceContainerUrl":"file:/C:/Users/stb_1/.m2/repository/com/lowagie/itext/1.3/itext-1.3-sources.jar","isSystem":false},{"kind":"binary","path":"C:\\Users\\stb_1\\.m2\\repository\\commons-beanutils\\commons-beanutils\\1.7.0\\commons-beanutils-1.7.0.jar","sourceContainerUrl":"file:/C:/Users/stb_1/.m2/repository/commons-beanutils/commons-beanutils/1.7.0/commons-beanutils-1.7.0-sources.jar","javadocContainerUrl":"file:/C:/Users/stb_1/.m2/repository/commons-beanutils/commons-beanutils/1.7.0/commons-beanutils-1.7.0-javadoc.jar","isSystem":false},{"kind":"binary","path":"C:\\Users\\stb_1\\.m2\\repository\\org\\slf4j\\jcl104-over-slf4j\\1.4.2\\jcl104-over-slf4j-1.4.2.jar","sourceContainerUrl":"file:/C:/Users/stb_1/.m2/repository/org/slf4j/jcl104-over-slf4j/1.4.2/jcl104-over-slf4j-1.4.2-sources.jar","isSystem":false},{"kind":"binary","path":"C:\\Users\\stb_1\\.m2\\repository\\taglibs\\standard\\1.1.2\\standard-1.1.2.jar","sourceContainerUrl":"file:/C:/Users/stb_1/.m2/repository/taglibs/standard/1.1.2/standard-1.1.2-sources.jar","isSystem":false},{"kind":"binary","path":"C:\\Users\\stb_1\\.m2\\repository\\junit\\junit\\4.11\\junit-4.11.jar","sourceContainerUrl":"file:/C:/Users/stb_1/.m2/repository/junit/junit/4.11/junit-4.11-sources.jar","javadocContainerUrl":"file:/C:/Users/stb_1/.m2/repository/junit/junit/4.11/junit-4.11-javadoc.jar","isSystem":false},{"kind":"binary","path":"C:\\Users\\stb_1\\.m2\\repository\\org\\hamcrest\\hamcrest-core\\1.3\\hamcrest-core-1.3.jar","sourceContainerUrl":"file:/C:/Users/stb_1/.m2/repository/org/hamcrest/hamcrest-core/1.3/hamcrest-core-1.3-sources.jar","javadocContainerUrl":"file:/C:/Users/stb_1/.m2/repository/org/hamcrest/hamcrest-core/1.3/hamcrest-core-1.3-javadoc.jar","isSystem":false},{"kind":"binary","path":"C:\\Users\\stb_1\\.m2\\repository\\joda-time\\joda-time\\2.2\\joda-time-2.2.jar","sourceContainerUrl":"file:/C:/Users/stb_1/.m2/repository/joda-time/joda-time/2.2/joda-time-2.2-sources.jar","javadocContainerUrl":"file:/C:/Users/stb_1/.m2/repository/joda-time/joda-time/2.2/joda-time-2.2-javadoc.jar","isSystem":false},{"kind":"binary","path":"C:\\Users\\stb_1\\.m2\\repository\\org\\slf4j\\slf4j-log4j12\\1.7.5\\slf4j-log4j12-1.7.5.jar","sourceContainerUrl":"file:/C:/Users/stb_1/.m2/repository/org/slf4j/slf4j-log4j12/1.7.5/slf4j-log4j12-1.7.5-sources.jar","javadocContainerUrl":"file:/C:/Users/stb_1/.m2/repository/org/slf4j/slf4j-log4j12/1.7.5/slf4j-log4j12-1.7.5-javadoc.jar","isSystem":false},{"kind":"binary","path":"C:\\Users\\stb_1\\.m2\\repository\\log4j\\log4j\\1.2.17\\log4j-1.2.17.jar","sourceContainerUrl":"file:/C:/Users/stb_1/.m2/repository/log4j/log4j/1.2.17/log4j-1.2.17-sources.jar","javadocContainerUrl":"file:/C:/Users/stb_1/.m2/repository/log4j/log4j/1.2.17/log4j-1.2.17-javadoc.jar","isSystem":false},{"kind":"binary","path":"C:\\Users\\stb_1\\.m2\\repository\\org\\aspectj\\aspectjweaver\\1.7.4\\aspectjweaver-1.7.4.jar","sourceContainerUrl":"file:/C:/Users/stb_1/.m2/repository/org/aspectj/aspectjweaver/1.7.4/aspectjweaver-1.7.4-sources.jar","javadocContainerUrl":"file:/C:/Users/stb_1/.m2/repository/org/aspectj/aspectjweaver/1.7.4/aspectjweaver-1.7.4-javadoc.jar","isSystem":false},{"kind":"source","path":"C:\\Users\\stb_1\\OneDrive\\Escritorio\\GitHub\\DPII\\D01\\Acme-Madruga\\src\\main\\java","outputFolder":"C:\\Users\\stb_1\\OneDrive\\Escritorio\\GitHub\\DPII\\D01\\Acme-Madruga\\target\\classes","javadocContainerUrl":"file:/C:/Users/stb_1/OneDrive/Escritorio/GitHub/DPII/D01/Acme-Madruga/target/site/apidocs","isSystem":false},{"kind":"source","path":"C:\\Users\\stb_1\\OneDrive\\Escritorio\\GitHub\\DPII\\D01\\Acme-Madruga\\src\\main\\resources","outputFolder":"C:\\Users\\stb_1\\OneDrive\\Escritorio\\GitHub\\DPII\\D01\\Acme-Madruga\\target\\classes","isSystem":false},{"kind":"source","path":"C:\\Users\\stb_1\\OneDrive\\Escritorio\\GitHub\\DPII\\D01\\Acme-Madruga\\src\\test\\resources","outputFolder":"C:\\Users\\stb_1\\OneDrive\\Escritorio\\GitHub\\DPII\\D01\\Acme-Madruga\\target\\test-classes","isSystem":false},{"kind":"source","path":"C:\\Users\\stb_1\\OneDrive\\Escritorio\\GitHub\\DPII\\D01\\Acme-Madruga\\src\\test\\java","outputFolder":"C:\\Users\\stb_1\\OneDrive\\Escritorio\\GitHub\\DPII\\D01\\Acme-Madruga\\target\\test-classes","javadocContainerUrl":"file:/C:/Users/stb_1/OneDrive/Escritorio/GitHub/DPII/D01/Acme-Madruga/target/site/apidocs","isSystem":false}]}