﻿<?xml version="1.0" encoding="UTF-8"?>

<!-- * PopulateDatabase.xml * * Copyright (C) 2018 Universidad de Sevilla 
	* * The use of this project is hereby constrained to the conditions of the 
	* TDG Licence, a copy of which you may download from * http://www.tdg-seville.info/License.html -->

<beans xmlns="http://www.springframework.org/schema/beans"
	xmlns:xsi="http://www.w3.org/2001/XMLSchema-instance"
	xsi:schemaLocation="
		http://www.springframework.org/schema/beans http://www.springframework.org/schema/beans/spring-beans.xsd
	">

	<!-- System configuration -->

	<bean id="systemConfiguration" class="domain.SystemConfiguration">
		<property name="defaultCountryCode" value="+34" />
		<property name="systemName" value="Acme Madrugá" />
		<property name="banner" value="https://tinyurl.com/acme-madruga" />
		<property name="finderDuration" value="3600" />
		<property name="maximumFinderResults" value="10" />
		<property name="positiveWords">
			<list>
				<value>good</value>
				<value>bueno</value>
				<value>fantastic</value>
				<value>fantástico</value>
				<value>excellent</value>
				<value>excelente</value>
				<value>great</value>
				<value>genial</value>
				<value>amazing</value>
				<value>asombroso</value>
				<value>terrific</value>
				<value>magnífico</value>
				<value>beautiful</value>
				<value>bonito</value>
			</list>
		</property>
		<property name="negativeWords">
			<list>
				<value>not</value>
				<value>no</value>
				<value>bad</value>
				<value>malo</value>
				<value>horrible</value>
				<value>horrible</value>
				<value>average</value>
				<value>mediocre</value>
				<value>disaster</value>
				<value>desastroso</value>
			</list>
		</property>
		<property name="spamWords">
			<list>
				<value>sex</value>
				<value>viagra</value>
				<value>cialis</value>
				<value>one million</value>
				<value>you've been selected</value>
				<value>Nigeria</value>
				<value>sexo</value>
				<value>un millón</value>
				<value>ha sido seleccionado</value> 
			</list>
		</property>
		<property name="welcomeMessages">
			<map>
				<entry key="en" value="Welcome to Acme Madrugá, the site to organise your processions." />
				<entry key="es" value="¡Bienvenidos a Acme Madrugá! Tu sitio para organizar procesiones." />
			</map>
		</property>
		<property name="warningMessages">
			<map>
				<entry key="en" value="Your data has not been sold recently." />
				<entry key="es" value="Sus datos no han sido vendidos recientemente." />
			</map>
		</property>
		<property name="lowestPosition" ref="positionBrother" />
	</bean>

	<!-- Positions -->

	<bean id="positionPresident" class="domain.Position">
		<property name="strings">
			<map>
				<entry key="en" value="President" />
				<entry key="es" value="Presidente" />
			</map>
		</property>
	</bean>

	<bean id="positionVicePresident" class="domain.Position">
		<property name="strings">
			<map>
				<entry key="en" value="Vice President" />
				<entry key="es" value="Vicepresidente" />
			</map>
		</property>
	</bean>

	<bean id="positionSecretary" class="domain.Position">
		<property name="strings">
			<map>
				<entry key="en" value="Secretary" />
				<entry key="es" value="Secretario" />
			</map>
		</property>
	</bean>

	<bean id="positionTreasurer" class="domain.Position">
		<property name="strings">
			<map>
				<entry key="en" value="Treasurer" />
				<entry key="es" value="Tesorero" />
			</map>
		</property>
	</bean>

	<bean id="positionHistorian" class="domain.Position">
		<property name="strings">
			<map>
				<entry key="en" value="Historian" />
				<entry key="es" value="Historiador" />
			</map>
		</property>
	</bean>

	<bean id="positionFundraiser" class="domain.Position">
		<property name="strings">
			<map>
				<entry key="en" value="Fundraiser" />
				<entry key="es" value="Promotor" />
			</map>
		</property>
	</bean>

	<bean id="positionOfficer" class="domain.Position">
		<property name="strings">
			<map>
				<entry key="en" value="Officer" />
				<entry key="es" value="Vocal" />
			</map>
		</property>
	</bean>

	<bean id="positionBrother" class="domain.Position">
		<property name="strings">
			<map>
				<entry key="en" value="Brother" />
				<entry key="es" value="Hermano" />
			</map>
		</property>
	</bean>

	<!-- Priorities -->

	<bean id="priotityHigh" class="domain.Priority">
		<property name="strings">
			<map>
				<entry key="en" value="HIGH" />
				<entry key="es" value="ALTA" />
			</map>
		</property>
	</bean>

	<bean id="priotityNeutral" class="domain.Priority">
		<property name="strings">
			<map>
				<entry key="en" value="NEUTRAL" />
				<entry key="es" value="NEUTRAL" />
			</map>
		</property>
	</bean>

	<bean id="priotityLow" class="domain.Priority">
		<property name="strings">
			<map>
				<entry key="en" value="LOW" />
				<entry key="es" value="BAJA" />
			</map>
		</property>
	</bean>

	<!-- User accounts -->

	<bean id="userAccountAdmin1" class="security.UserAccount">
		<property name="username" value="admin1" />
		<property name="password" value="e00cf25ad42683b3df678c61f42c6bda" />
		<property name="authorities">
			<list>
				<bean class="security.Authority">
					<property name="authority" value="ADMIN" />
				</bean>
			</list>
		</property>
	</bean>

	<bean id="userAccountBrotherhood1" class="security.UserAccount">
		<property name="username" value="brotherhood1" />
		<property name="password" value="479e3180a45b21ea8e88beb0c45aa8ed" />
		<property name="authorities">
			<list>
				<bean class="security.Authority">
					<property name="authority" value="BROTHERHOOD" />
				</bean>
			</list>
		</property>
	</bean>

	<bean id="userAccountBrotherhood2" class="security.UserAccount">
		<property name="username" value="brotherhood2" />
		<property name="password" value="88f1b810c40cd63107fb758fef4d77db" />
		<property name="authorities">
			<list>
				<bean class="security.Authority">
					<property name="authority" value="BROTHERHOOD" />
				</bean>
			</list>
		</property>
	</bean>

	<bean id="userAccountBrotherhood3" class="security.UserAccount">
		<property name="username" value="brotherhood3" />
		<property name="password" value="cb8f36c7d5bbbc6aa5798a0e5796ebd5" />
		<property name="authorities">
			<list>
				<bean class="security.Authority">
					<property name="authority" value="BROTHERHOOD" />
				</bean>
			</list>
		</property>
	</bean>

	<bean id="userAccountBrotherhood4" class="security.UserAccount">
		<property name="username" value="brotherhood4" />
		<property name="password" value="ddeb3302b54a2e0dbc83f2bd3c866124" />
		<property name="authorities">
			<list>
				<bean class="security.Authority">
					<property name="authority" value="BROTHERHOOD" />
				</bean>
			</list>
		</property>
	</bean>

	<bean id="userAccountMember1" class="security.UserAccount">
		<property name="username" value="member1" />
		<property name="password" value="c7764cfed23c5ca3bb393308a0da2306" />
		<property name="authorities">
			<list>
				<bean class="security.Authority">
					<property name="authority" value="MEMBER" />
				</bean>
			</list>
		</property>
	</bean>

	<!-- Message boxes -->

	<bean id="inBoxAdmin1" class="domain.MessageBox">
		<property name="name" value="InBox" />
		<property name="isSystem" value="true" />
		<property name="actor" ref="admin1" />
		<property name="messages">
			<list />
		</property>
	</bean>

	<bean id="outBoxAdmin1" class="domain.MessageBox">
		<property name="name" value="OutBox" />
		<property name="isSystem" value="true" />
		<property name="actor" ref="admin1" />
		<property name="messages">
			<list />
		</property>
	</bean>

	<bean id="spamBoxAdmin1" class="domain.MessageBox">
		<property name="name" value="SpamBox" />
		<property name="isSystem" value="true" />
		<property name="actor" ref="admin1" />
		<property name="messages">
			<list />
		</property>
	</bean>

	<bean id="trashBoxAdmin1" class="domain.MessageBox">
		<property name="name" value="TrashBox" />
		<property name="isSystem" value="true" />
		<property name="actor" ref="admin1" />
		<property name="messages">
			<list />
		</property>
	</bean>

	<bean id="notificationBoxAdmin1" class="domain.MessageBox">
		<property name="name" value="NewBox" />
		<property name="isSystem" value="true" />
		<property name="actor" ref="admin1" />
		<property name="messages">
			<list />
		</property>
	</bean>

	<bean id="inBoxBrotherhood1" class="domain.MessageBox">
		<property name="name" value="InBox" />
		<property name="isSystem" value="true" />
		<property name="actor" ref="brotherhood1" />
		<property name="messages">
			<list />
		</property>
	</bean>

	<bean id="outBoxBrotherhood1" class="domain.MessageBox">
		<property name="name" value="OutBox" />
		<property name="isSystem" value="true" />
		<property name="actor" ref="brotherhood1" />
		<property name="messages">
			<list />
		</property>
	</bean>

	<bean id="spamBoxBrotherhood1" class="domain.MessageBox">
		<property name="name" value="SpamBox" />
		<property name="isSystem" value="true" />
		<property name="actor" ref="brotherhood1" />
		<property name="messages">
			<list />
		</property>
	</bean>

	<bean id="trashBoxBrotherhood1" class="domain.MessageBox">
		<property name="name" value="TrashBox" />
		<property name="isSystem" value="true" />
		<property name="actor" ref="brotherhood1" />
		<property name="messages">
			<list />
		</property>
	</bean>

	<bean id="notificationBoxBrotherhood1" class="domain.MessageBox">
		<property name="name" value="NewBox" />
		<property name="isSystem" value="true" />
		<property name="actor" ref="brotherhood1" />
		<property name="messages">
			<list />
		</property>
	</bean>

	<bean id="inBoxBrotherhood2" class="domain.MessageBox">
		<property name="name" value="InBox" />
		<property name="isSystem" value="true" />
		<property name="actor" ref="brotherhood2" />
		<property name="messages">
			<list />
		</property>
	</bean>

	<bean id="outBoxBrotherhood2" class="domain.MessageBox">
		<property name="name" value="OutBox" />
		<property name="isSystem" value="true" />
		<property name="actor" ref="brotherhood2" />
		<property name="messages">
			<list />
		</property>
	</bean>

	<bean id="spamBoxBrotherhood2" class="domain.MessageBox">
		<property name="name" value="SpamBox" />
		<property name="isSystem" value="true" />
		<property name="actor" ref="brotherhood2" />
		<property name="messages">
			<list />
		</property>
	</bean>

	<bean id="trashBoxBrotherhood2" class="domain.MessageBox">
		<property name="name" value="TrashBox" />
		<property name="isSystem" value="true" />
		<property name="actor" ref="brotherhood2" />
		<property name="messages">
			<list />
		</property>
	</bean>

	<bean id="notificationBoxBrotherhood2" class="domain.MessageBox">
		<property name="name" value="NewBox" />
		<property name="isSystem" value="true" />
		<property name="actor" ref="brotherhood2" />
		<property name="messages">
			<list />
		</property>
	</bean>

	<bean id="inBoxBrotherhood3" class="domain.MessageBox">
		<property name="name" value="InBox" />
		<property name="isSystem" value="true" />
		<property name="actor" ref="brotherhood3" />
		<property name="messages">
			<list />
		</property>
	</bean>

	<bean id="outBoxBrotherhood3" class="domain.MessageBox">
		<property name="name" value="OutBox" />
		<property name="isSystem" value="true" />
		<property name="actor" ref="brotherhood3" />
		<property name="messages">
			<list />
		</property>
	</bean>

	<bean id="spamBoxBrotherhood3" class="domain.MessageBox">
		<property name="name" value="SpamBox" />
		<property name="isSystem" value="true" />
		<property name="actor" ref="brotherhood3" />
		<property name="messages">
			<list />
		</property>
	</bean>

	<bean id="trashBoxBrotherhood3" class="domain.MessageBox">
		<property name="name" value="TrashBox" />
		<property name="isSystem" value="true" />
		<property name="actor" ref="brotherhood3" />
		<property name="messages">
			<list />
		</property>
	</bean>

	<bean id="notificationBoxBrotherhood3" class="domain.MessageBox">
		<property name="name" value="NewBox" />
		<property name="isSystem" value="true" />
		<property name="actor" ref="brotherhood3" />
		<property name="messages">
			<list />
		</property>
	</bean>

	<bean id="inBoxBrotherhood4" class="domain.MessageBox">
		<property name="name" value="InBox" />
		<property name="isSystem" value="true" />
		<property name="actor" ref="brotherhood4" />
		<property name="messages">
			<list />
		</property>
	</bean>

	<bean id="outBoxBrotherhood4" class="domain.MessageBox">
		<property name="name" value="OutBox" />
		<property name="isSystem" value="true" />
		<property name="actor" ref="brotherhood4" />
		<property name="messages">
			<list />
		</property>
	</bean>

	<bean id="spamBoxBrotherhood4" class="domain.MessageBox">
		<property name="name" value="SpamBox" />
		<property name="isSystem" value="true" />
		<property name="actor" ref="brotherhood4" />
		<property name="messages">
			<list />
		</property>
	</bean>

	<bean id="trashBoxBrotherhood4" class="domain.MessageBox">
		<property name="name" value="TrashBox" />
		<property name="isSystem" value="true" />
		<property name="actor" ref="brotherhood4" />
		<property name="messages">
			<list />
		</property>
	</bean>

	<bean id="notificationBoxBrotherhood4" class="domain.MessageBox">
		<property name="name" value="NewBox" />
		<property name="isSystem" value="true" />
		<property name="actor" ref="brotherhood4" />
		<property name="messages">
			<list />
		</property>
	</bean>

	<bean id="inBoxMember1" class="domain.MessageBox">
		<property name="name" value="InBox" />
		<property name="isSystem" value="true" />
		<property name="actor" ref="member1" />
		<property name="messages">
			<list />
		</property>
	</bean>

	<bean id="outBoxMember1" class="domain.MessageBox">
		<property name="name" value="OutBox" />
		<property name="isSystem" value="true" />
		<property name="actor" ref="member1" />
		<property name="messages">
			<list />
		</property>
	</bean>

	<bean id="spamBoxMember1" class="domain.MessageBox">
		<property name="name" value="SpamBox" />
		<property name="isSystem" value="true" />
		<property name="actor" ref="member1" />
		<property name="messages">
			<list />
		</property>
	</bean>

	<bean id="trashBoxMember1" class="domain.MessageBox">
		<property name="name" value="TrashBox" />
		<property name="isSystem" value="true" />
		<property name="actor" ref="member1" />
		<property name="messages">
			<list />
		</property>
	</bean>

	<bean id="notificationBoxMember1" class="domain.MessageBox">
		<property name="name" value="NewBox" />
		<property name="isSystem" value="true" />
		<property name="actor" ref="member1" />
		<property name="messages">
			<list />
		</property>
	</bean>

	<!-- Administrators -->

	<bean id="admin1" class="domain.Administrator">
		<property name="name" value="Señor" />
		<property name="middleName" value="" />
		<property name="surname" value="X" />
		<property name="photo" value="" />
		<property name="email" value="x@gmail.com" />
		<property name="phoneNumber" value="+1 (420) 4206969" />
		<property name="address" value="" />
		<property name="isSuspicious" value="false" />
		<property name="polarityScore" value="0" />
		<property name="isBanned" value="false" />
		<property name="userAccount" ref="userAccountAdmin1" />
		<property name="messagesSent">
			<list>
			</list>
		</property>
		<property name="messagesReceived">
			<list>
			</list>
		</property>
		<property name="socialProfiles">
			<list>
			</list>
		</property>
	</bean>

	<!-- Brotherhoods -->

	<bean id="brotherhood1" class="domain.Brotherhood">
		<property name="name" value="Cofradía" />
		<property name="middleName" value="Santísima" />
		<property name="surname" value="del silencio bibliotecario" />
		<property name="photo" value="" />
		<property name="email" value="csdsb@gmail.com" />
		<property name="phoneNumber" value="+34 (954) 000000" />
		<property name="address" value="Avenida de las Cofradías 1" />
		<property name="isSuspicious" value="false" />
		<property name="polarityScore" value="0" />
		<property name="isBanned" value="false" />
		<property name="userAccount" ref="userAccountBrotherhood1" />
		<property name="messagesSent">
			<list>
			</list>
		</property>
		<property name="messagesReceived">
			<list>
			</list>
		</property>
		<property name="socialProfiles">
			<list>
			</list>
		</property>
		<property name="title"
			value="Santísima cofradía del silencio bibliotecario" />
		<property name="establishmentDate" value="1975/06/12" />
		<property name="pictures">
			<list />
		</property>
		<property name="processions">
			<list>
				<ref bean="procession1" />
				<ref bean="procession5" />
			</list>
		</property>
		<property name="acmeFloats">
			<list>
				<ref bean="acmeFloat1" />
				<ref bean="acmeFloat5" />
			</list>
		</property>
		<property name="area" ref="area1" />
		<property name="enrolments">
		<list>
		<ref bean="enrolment1"/>
		</list>
		</property>
	</bean>

	<bean id="brotherhood2" class="domain.Brotherhood">
		<property name="name" value="Cofradía" />
		<property name="middleName" value="Santísima" />
		<property name="surname" value="del programador resucitado" />
		<property name="photo" value="" />
		<property name="email" value="csdpr@gmail.com" />
		<property name="phoneNumber" value="+34 (954) 111000" />
		<property name="address" value="Avenida de las Cofradías 2" />
		<property name="isSuspicious" value="false" />
		<property name="polarityScore" value="0" />
		<property name="isBanned" value="false" />
		<property name="userAccount" ref="userAccountBrotherhood2" />
		<property name="messagesSent">
			<list>
			</list>
		</property>
		<property name="messagesReceived">
			<list>
			</list>
		</property>
		<property name="socialProfiles">
			<list>
			</list>
		</property>
		<property name="title"
			value="Santísima cofradía del programador resucitado" />
		<property name="establishmentDate" value="1986/03/29" />
		<property name="pictures">
			<list />
		</property>
		<property name="processions">
			<list>
				<ref bean="procession2" />
			</list>
		</property>
		<property name="acmeFloats">
			<list>
				<ref bean="acmeFloat2" />
			</list>
		</property>
		<property name="area" ref="area2" />
		<property name="enrolments">
		<list>
		</list>
		</property>
	</bean>

	<bean id="brotherhood3" class="domain.Brotherhood">
		<property name="name" value="Cofradía" />
		<property name="middleName" value="Santísima" />
		<property name="surname" value="del debug misericordioso" />
		<property name="photo" value="" />
		<property name="email" value="csddm@gmail.com" />
		<property name="phoneNumber" value="+34 (954) 012300" />
		<property name="address" value="Avenida de las Cofradías 3" />
		<property name="isSuspicious" value="false" />
		<property name="polarityScore" value="0" />
		<property name="isBanned" value="false" />
		<property name="userAccount" ref="userAccountBrotherhood3" />
		<property name="messagesSent">
			<list>
			</list>
		</property>
		<property name="messagesReceived">
			<list>
			</list>
		</property>
		<property name="socialProfiles">
			<list>
			</list>
		</property>
		<property name="title" value="Santísima cofradía del debug misericordioso" />
		<property name="establishmentDate" value="1975/02/12" />
		<property name="pictures">
			<list />
		</property>
		<property name="processions">
			<list>
				<ref bean="procession3" />
				<ref bean="procession4" />
			</list>
		</property>
		<property name="acmeFloats">
			<list>
				<ref bean="acmeFloat3" />
			</list>
		</property>
		<property name="area" ref="area3" />
		<property name="enrolments">
		<list>
		</list>
		</property>
	</bean>

	<bean id="brotherhood4" class="domain.Brotherhood">
		<property name="name" value="Cofradía" />
		<property name="middleName" value="Santísima" />
		<property name="surname" value="de la sangre informática" />
		<property name="photo" value="" />
		<property name="email" value="csdlsi@gmail.com" />
		<property name="phoneNumber" value="+34 (954) 000935" />
		<property name="address" value="Avenida de las Cofradías 4" />
		<property name="isSuspicious" value="false" />
		<property name="polarityScore" value="0" />
		<property name="isBanned" value="false" />
		<property name="userAccount" ref="userAccountBrotherhood4" />
		<property name="messagesSent">
			<list>
			</list>
		</property>
		<property name="messagesReceived">
			<list>
			</list>
		</property>
		<property name="socialProfiles">
			<list>
			</list>
		</property>
		<property name="title" value="Santísima cofradía de la sangre informática" />
		<property name="establishmentDate" value="1996/11/21" />
		<property name="pictures">
			<list />
		</property>
		<property name="processions">
			<list>
			</list>
		</property>
		<property name="acmeFloats">
			<list>
				<ref bean="acmeFloat4" />
				<ref bean="acmeFloat6" />
			</list>
		</property>
		<property name="area" ref="area4" />
		<property name="enrolments">
		<list>
		</list>
		</property>
	</bean>

	<!-- Members -->

	<bean id="member1" class="domain.Member">
		<property name="name" value="Abel" />
		<property name="middleName" value="" />
		<property name="surname" value="Pérez" />
		<property name="photo" value="" />
		<property name="email" value="abelp@gmail.com" />
		<property name="phoneNumber" value="+34 (954) 696969" />
		<property name="address" value="" />
		<property name="isSuspicious" value="false" />
		<property name="polarityScore" value="0" />
		<property name="isBanned" value="false" />
		<property name="userAccount" ref="userAccountMember1" />
		<property name="messagesSent">
			<list>
			</list>
		</property>
		<property name="messagesReceived">
			<list>
			</list>
		</property>
		<property name="socialProfiles">
			<list>
			</list>
		</property>
		<property name="enrolments">
			<list>
			<ref bean="enrolment1"/>
			</list>
		</property>
		<property name="requests">
			<list>
			</list>
		</property>
		<property name="finder" ref="finder1" />
	</bean>

	<!-- Areas -->

	<bean id="area1" class="domain.Area">
		<property name="name" value="area 1" />
		<property name="pictures">
			<list>
			</list>
		</property>
	</bean>

	<bean id="area2" class="domain.Area">
		<property name="name" value="area 2" />
		<property name="pictures">
			<list>
			</list>
		</property>
	</bean>

	<bean id="area3" class="domain.Area">
		<property name="name" value="area 3" />
		<property name="pictures">
			<list>
			</list>
		</property>
	</bean>

	<bean id="area4" class="domain.Area">
		<property name="name" value="area 4" />
		<property name="pictures">
			<list>
			</list>
		</property>
	</bean>

	<!-- Finders -->

	<bean id="finder1" class="domain.Finder">
		<property name="keyword" value="macarena" />
		<property name="area" value="" />
		<property name="minimumDate" value="2006/01/01" />
		<property name="maximumDate" value="2016/01/01" />
	</bean>

	<!-- ACME FLOATS -->

	<bean id="acmeFloat1" class="domain.AcmeFloat">
		<property name="title" value="Nuestra señora de DP" />
		<property name="description" value="this is a description for an AcmeFloat" />
		<property name="pictures">
			<list>
			</list>
		</property>
		<property name="processions">
			<list>
				<ref bean="procession1" />
			</list>
		</property>
		<property name="brotherhood" ref="brotherhood1" />
	</bean>

	<bean id="acmeFloat2" class="domain.AcmeFloat">
		<property name="title" value="Nuestra Señora de las Necesidades Académicas" />
		<property name="description" value="this is a description for an AcmeFloat" />
		<property name="pictures">
			<list>
			</list>
		</property>
		<property name="processions">
			<list>
				<ref bean="procession2" />
			</list>
		</property>
		<property name="brotherhood" ref="brotherhood2" />
	</bean>

	<bean id="acmeFloat3" class="domain.AcmeFloat">
		<property name="title" value="Nuestra Señora de las pruebas unitarias" />
		<property name="description" value="this is a description for an AcmeFloat" />
		<property name="pictures">
			<list>
			</list>
		</property>
		<property name="processions">
			<list>
				<ref bean="procession3" />
				<ref bean="procession4" />
			</list>
		</property>
		<property name="brotherhood" ref="brotherhood3" />
	</bean>

	<bean id="acmeFloat4" class="domain.AcmeFloat">
		<property name="title" value="Santísimo Cristo del programa incorrupto" />
		<property name="description" value="this is a description for an AcmeFloat" />
		<property name="pictures">
			<list>
			</list>
		</property>
		<property name="processions">
			<list>
			</list>
		</property>
		<property name="brotherhood" ref="brotherhood4" />
	</bean>

	<bean id="acmeFloat5" class="domain.AcmeFloat">
		<property name="title" value="Santísimo Cristo del A+" />
		<property name="description" value="this is a description for an AcmeFloat" />
		<property name="pictures">
			<list>
			</list>
		</property>
		<property name="processions">
			<list>
				<ref bean="procession1" />
				<ref bean="procession5" />
			</list>
		</property>
		<property name="brotherhood" ref="brotherhood1" />
	</bean>

	<bean id="acmeFloat6" class="domain.AcmeFloat">
		<property name="title" value="Santísimo Cristo del compilador crucificado" />
		<property name="description" value="this is a description for an AcmeFloat" />
		<property name="pictures">
			<list>
			</list>
		</property>
		<property name="processions">
			<list>
			</list>
		</property>
		<property name="brotherhood" ref="brotherhood4" />
	</bean>


	<!-- PROCESSIONS -->

	<bean id="procession1" class="domain.Procession">
		<property name="title" value="La Santa Entrega" />
		<property name="description" value="this is a description for a Procession" />
		<property name="moment" value="2019/04/18 18:00" />
		<property name="ticker" value="190418-AAAAA" />
		<property name="isDraft" value="false" />
		<property name="brotherhood" ref="brotherhood1" />
		<property name="acmeFloats">
			<list>
				<ref bean="acmeFloat1" />
				<ref bean="acmeFloat5" />
			</list>
		</property>
	</bean>

	<bean id="procession2" class="domain.Procession">
		<property name="title" value="La Carrera" />
		<property name="description" value="this is a description for a Procession" />
		<property name="moment" value="2019/04/18 19:30" />
		<property name="ticker" value="190415-AAAAB" />
		<property name="isDraft" value="false" />
		<property name="brotherhood" ref="brotherhood2" />
		<property name="acmeFloats">
			<list>
				<ref bean="acmeFloat2" />
			</list>
		</property>
	</bean>

	<bean id="procession3" class="domain.Procession">
		<property name="title" value="La Prueba" />
		<property name="description" value="this is a description for a Procession" />
		<property name="moment" value="2019/04/18 20:30" />
		<property name="ticker" value="190416-AAAAC" />
		<property name="isDraft" value="false" />
		<property name="brotherhood" ref="brotherhood3" />
		<property name="acmeFloats">
			<list>
				<ref bean="acmeFloat3" />
			</list>
		</property>
	</bean>

	<bean id="procession4" class="domain.Procession">
		<property name="title" value="El Buen Fin" />
		<property name="description" value="this is a description for a Procession" />
		<property name="moment" value="2019/04/18 19:00" />
		<property name="ticker" value="190417-AAAAD" />
		<property name="isDraft" value="true" />
		<property name="brotherhood" ref="brotherhood3" />
		<property name="acmeFloats">
			<list>
				<ref bean="acmeFloat1" />
				<ref bean="acmeFloat5" />
			</list>
		</property>
	</bean>

	<bean id="procession5" class="domain.Procession">
		<property name="title" value="La Pasión" />
		<property name="description" value="this is a description for a Procession" />
		<property name="moment" value="2019/04/18 20:00" />
		<property name="ticker" value="190417-AAAAE" />
		<property name="isDraft" value="true" />
		<property name="brotherhood" ref="brotherhood1" />
		<property name="acmeFloats">
			<list>
				<ref bean="acmeFloat5" />
			</list>
		</property>
	</bean>
	
	<!-- REQUESTS -->
	
	<bean id="request1" class="domain.Request">
	<property name="status" value="PENDING"/>
	<property name="hLine" value="1"/>
	<property name="vLine" value="1"/>
	<property name="reason" value=""/>
	<property name="procession" ref="procession5"/>
	<property name="member" ref="member1"/>
	</bean>
	
	<bean id="request2" class="domain.Request">
	<property name="status" value="PENDING"/>
	<property name="hLine" value="1"/>
	<property name="vLine" value="1"/>
	<property name="reason" value=""/>
	<property name="procession" ref="procession4"/>
	<property name="member" ref="member1"/>
	</bean>
	
	<bean id="request3" class="domain.Request">
	<property name="status" value="REJECTED"/>
	<property name="hLine" value="1"/>
	<property name="vLine" value="1"/>
	<property name="reason" value="no puede ser"/>
	<property name="procession" ref="procession3"/>
	<property name="member" ref="member1"/>
	</bean>
	
	<bean id="request4" class="domain.Request">
	<property name="status" value="APPROVED"/>
	<property name="hLine" value="1"/>
	<property name="vLine" value="1"/>
	<property name="reason" value=""/>
	<property name="procession" ref="procession2"/>
	<property name="member" ref="member1"/>
	</bean>
	
	<!-- ENROLMENTS -->
	
	<bean id="enrolment1" class="domain.Enrolment">
	<property name="moment" value="21/11/1996"/>
	<property name="position" ref="positionTreasurer"/>
	<property name="brotherhood" ref="brotherhood1"/>
	<property name="member" ref="member1"/>
	</bean>

	<!-- Other domain beans come here -->

</beans>